[{"model": "MangaShop.manga", "pk": 1, "fields": {"nombre": "Dr. Stone - vol. 24", "autor": "Boichi, Riichiro Inagaki", "anio_publicacion": 2017, "volumenes": 26, "genero": "Ciencia Ficcion", "portada": "mangas/portadas/manga1_khuVU1N.png", "stock_disponible": 4}}, {"model": "MangaShop.manga", "pk": 2, "fields": {"nombre": "Hajime no Ippo - vol. 4", "autor": "Jyoji Morikawa", "anio_publicacion": 1989, "volumenes": 143, "genero": "Accion", "portada": "mangas/portadas/manga2_Bj108DL.jpg", "stock_disponible": 10}}, {"model": "MangaShop.manga", "pk": 3, "fields": {"nombre": "Sakamoto Days - vol. 2", "autor": "Yuto Suzuki", "anio_publicacion": 2020, "volumenes": 17, "genero": "Accion", "portada": "mangas/portadas/manga3_fxJFZD0.jpg", "stock_disponible": 5}}, {"model": "MangaShop.manga", "pk": 4, "fields": {"nombre": "Hunter x Hunter - vol. 14", "autor": "Yoshihiro Togashi", "anio_publicacion": 1998, "volumenes": 38, "genero": "Aventura", "portada": "mangas/portadas/manga4_sDoWV7M.jpg", "stock_disponible": 5}}, {"model": "MangaShop.manga", "pk": 5, "fields": {"nombre": "Baccano! - vol. 2", "autor": "Ryohgo Narita", "anio_publicacion": 2006, "volumenes": 3, "genero": "Fantasia", "portada": "mangas/portadas/manga5_gPe0UYM.jpg", "stock_disponible": 2}}, {"model": "MangaShop.manga", "pk": 6, "fields": {"nombre": "Vagabond - vol. 1", "autor": "Takehiko Inoue", "anio_publicacion": 1998, "volumenes": 37, "genero": "Horror", "portada": "mangas/portadas/manga6.jpg", "stock_disponible": 4}}, {"model": "MangaShop.manga", "pk": 7, "fields": {"nombre": "Berserk - vol. 41", "autor": "Kentaro Miura", "anio_publicacion": 1989, "volumenes": 42, "genero": "Aventura", "portada": "mangas/portadas/manga7.jpg", "stock_disponible": 7}}, {"model": "MangaShop.manga", "pk": 8, "fields": {"nombre": "Dan Da Dan - vol. 5", "autor": "Yukinobu Tatsu", "anio_publicacion": 2021, "volumenes": 18, "genero": "Ciencia Ficcion", "portada": "mangas/portadas/manga8.webp", "stock_disponible": 8}}, {"model": "MangaShop.manga", "pk": 10, "fields": {"nombre": "Uzumaki - vol. �nico", "autor": "Junji Ito", "anio_publicacion": 1998, "volumenes": 3, "genero": "Horror", "portada": "mangas/portadas/manga9.jpg", "stock_disponible": 9}}]